"run_id","timestamp_jst","USDJPY","USDJPY_missing","USDJPY_source","USDJPY_date","USDJPY_fail","BTC","BTC_missing","BTC_source","BTC_date","BTC_fail","Gold","Gold_missing","Gold_source","Gold_date","Gold_fail","US10Y","US10Y_missing","US10Y_source","US10Y_date","US10Y_fail","Oil","Oil_missing","Oil_source","Oil_date","Oil_fail","VIX","VIX_missing","VIX_source","VIX_date","VIX_fail"
"20260120_165853_342127","2026-01-21 01:58:54","157.90899658203125","0","yfinance","2026-01-20","","90095.6484375","0","yfinance","2026-01-20","","4751.2998046875","0","yfinance","2026-01-20","","4.275000095367432","0","yfinance","2026-01-20","","60.2599983215332","0","yfinance","2026-01-20","","19.010000228881836","0","yfinance","2026-01-20",""
"20260120_170121_364495","2026-01-21 02:01:22","157.89599609375","0","yfinance","2026-01-20","","90095.3359375","0","yfinance","2026-01-20","","4750.39990234375","0","yfinance","2026-01-20","","4.275000095367432","0","yfinance","2026-01-20","","60.310001373291016","0","yfinance","2026-01-20","","19.040000915527344","0","yfinance","2026-01-20",""
"20260120_170241_452124","2026-01-21 02:02:42","157.8780059814453","0","yfinance","2026-01-20","","90072.9609375","0","yfinance","2026-01-20","","4751.60009765625","0","yfinance","2026-01-20","","4.2769999504089355","0","yfinance","2026-01-20","","60.31999969482422","0","yfinance","2026-01-20","","19.049999237060547","0","yfinance","2026-01-20",""
"20260120_170351_936721","2026-01-21 02:03:52","157.8820037841797","0","yfinance","2026-01-20","","90095.6953125","0","yfinance","2026-01-20","","4754.10009765625","0","yfinance","2026-01-20","","4.275000095367432","0","yfinance","2026-01-20","","60.310001373291016","0","yfinance","2026-01-20","","19.0","0","yfinance","2026-01-20",""
"20260120_170456_904048","2026-01-21 02:04:57","157.86500549316406","0","yfinance","2026-01-20","","90076.796875","0","yfinance","2026-01-20","","4754.89990234375","0","yfinance","2026-01-20","","4.270999908447266","0","yfinance","2026-01-20","","60.279998779296875","0","yfinance","2026-01-20","","18.959999084472656","0","yfinance","2026-01-20",""
"20260120_170818_762436","2026-01-21 02:08:19","157.87899780273438","0","yfinance","2026-01-20","","90101.4609375","0","yfinance","2026-01-20","","4756.7998046875","0","yfinance","2026-01-20","","4.2729997634887695","0","yfinance","2026-01-20","","60.310001373291016","0","yfinance","2026-01-20","","19.079999923706055","0","yfinance","2026-01-20",""
"20260120_175731_228750","2026-01-21 02:57:32","157.92599487304688","0","yfinance","2026-01-20","","89682.1171875","0","yfinance","2026-01-20","","4759.0","0","yfinance","2026-01-20","","4.275000095367432","0","yfinance","2026-01-20","","60.369998931884766","0","yfinance","2026-01-20","","19.530000686645508","0","yfinance","2026-01-20",""
"20260120_203655_682781","2026-01-21 05:36:56","158.1999969482422","0","yfinance","2026-01-20","","89553.203125","0","yfinance","2026-01-20","","4757.60009765625","0","yfinance","2026-01-20","","4.295000076293945","0","yfinance","2026-01-20","","59.790000915527344","0","yfinance","2026-01-20","","20.93000030517578","0","yfinance","2026-01-20",""
"20260120_214052_333683","2026-01-21 06:40:53","158.17100524902344","0","yfinance","2026-01-20","","89374.9921875","0","yfinance","2026-01-20","","4764.7001953125","0","yfinance","2026-01-20","","4.295000076293945","0","yfinance","2026-01-20","","59.459999084472656","0","yfinance","2026-01-20","","20.09000015258789","0","yfinance","2026-01-20",""
"20260120_224223_612907","2026-01-21 07:42:23","158.11000061035156","0","yfinance","2026-01-20","","88476.7890625","0","yfinance","2026-01-20","","4769.10009765625","0","yfinance","2026-01-20","","4.295000076293945","0","yfinance","2026-01-20","","59.52000045776367","0","yfinance","2026-01-20","","20.09000015258789","0","yfinance","2026-01-20",""
"20260120_234247_610476","2026-01-21 08:42:48","158.1490020751953","0","yfinance","2026-01-20","","88311.65625","0","yfinance","2026-01-20","","4764.39990234375","0","yfinance","2026-01-20","","4.295000076293945","0","yfinance","2026-01-20","","59.61000061035156","0","yfinance","2026-01-20","","20.09000015258789","0","yfinance","2026-01-20",""
"20260121_040524_186425","2026-01-21 13:05:25","158.05299377441406","0","yfinance","2026-01-21","","89360.6796875","0","yfinance","2026-01-21","","4845.7998046875","0","yfinance","2026-01-21","","4.295000076293945","0","yfinance","2026-01-21","","59.77000045776367","0","yfinance","2026-01-21","","20.09000015258789","0","yfinance","2026-01-21",""
"20260121_043853_667847","2026-01-21 13:38:55","158.06300354003906","0","yfinance","2026-01-21","","89314.234375","0","yfinance","2026-01-21","","4854.60009765625","0","yfinance","2026-01-21","","4.295000076293945","0","yfinance","2026-01-21","","59.790000915527344","0","yfinance","2026-01-21","","20.09000015258789","0","yfinance","2026-01-21",""
"21200400575.1.market.20260121_070422.7154","2026-01-21 16:04:23","158.13499450683594","0","yfinance","2026-01-21","","89465.6796875","0","yfinance","2026-01-21","","4866.5","0","yfinance","2026-01-21","","4.295000076293945","0","yfinance","2026-01-21","","59.849998474121094","0","yfinance","2026-01-21","","20.09000015258789","0","yfinance","2026-01-21",""
"21200910979.1.market.20260121_072559.5777","2026-01-21 16:26:01","158.02699279785156","0","yfinance","2026-01-21","","89542.640625","0","yfinance","2026-01-21","","4838.39990234375","0","yfinance","2026-01-21","","4.295000076293945","0","yfinance","2026-01-21","","59.66999816894531","0","yfinance","2026-01-21","","20.09000015258789","0","yfinance","2026-01-21",""
"21200968599.1.market.20260121_072829.2350","2026-01-21 16:28:31","158.0279998779297","0","yfinance","2026-01-21","","89510.5703125","0","yfinance","2026-01-21","","4843.60009765625","0","yfinance","2026-01-21","","4.295000076293945","0","yfinance","2026-01-21","","59.72999954223633","0","yfinance","2026-01-21","","20.09000015258789","0","yfinance","2026-01-21",""
"21201000911.1.market.20260121_072957.4898","2026-01-21 16:29:58","158.0279998779297","0","yfinance","2026-01-21","","89514.3359375","0","yfinance","2026-01-21","","4840.7998046875","0","yfinance","2026-01-21","","4.295000076293945","0","yfinance","2026-01-21","","59.7400016784668","0","yfinance","2026-01-21","","20.09000015258789","0","yfinance","2026-01-21",""
"21201034594.1.market.20260121_073127.8537","2026-01-21 16:31:30","158.00799560546875","0","yfinance","2026-01-21","","89494.8359375","0","yfinance","2026-01-21","","4839.60009765625","0","yfinance","2026-01-21","","4.295000076293945","0","yfinance","2026-01-21","","59.72999954223633","0","yfinance","2026-01-21","","20.09000015258789","0","yfinance","2026-01-21",""
"21201066752.1.market.20260121_073247.7225","2026-01-21 16:32:48","158.00999450683594","0","yfinance","2026-01-21","","89528.375","0","yfinance","2026-01-21","","4843.0","0","yfinance","2026-01-21","","4.295000076293945","0","yfinance","2026-01-21","","59.79999923706055","0","yfinance","2026-01-21","","20.09000015258789","0","yfinance","2026-01-21",""
"21201180790.1.market.20260121_073740.2738","2026-01-21 16:37:41","158.0030059814453","0","yfinance","2026-01-21","","89327.453125","0","yfinance","2026-01-21","","4845.39990234375","0","yfinance","2026-01-21","","4.295000076293945","0","yfinance","2026-01-21","","59.7400016784668","0","yfinance","2026-01-21","","20.09000015258789","0","yfinance","2026-01-21",""
"21201626089.1.market.20260121_075620.1599","2026-01-21 16:56:21","157.87399291992188","0","yfinance","2026-01-21","","89081.8359375","0","yfinance","2026-01-21","","4850.7001953125","0","yfinance","2026-01-21","","4.295000076293945","0","yfinance","2026-01-21","","59.56999969482422","0","yfinance","2026-01-21","","20.09000015258789","0","yfinance","2026-01-21",""
"21202618244.1.market.20260121_083401.3597","2026-01-21 17:34:02","157.9459991455078","0","yfinance","2026-01-21","","89165.9921875","0","yfinance","2026-01-21","","4868.5","0","yfinance","2026-01-21","","4.295000076293945","0","yfinance","2026-01-21","","59.65999984741211","0","yfinance","2026-01-21","","19.229999542236328","0","yfinance","2026-01-21",""
"gh21203329885-a1-20260121T085947Z-d5480c1a","2026-01-21 17:59:49","157.8719940185547","0","yfinance","2026-01-21","","89123.53125","0","yfinance","2026-01-21","","4859.2998046875","0","yfinance","2026-01-21","","4.295000076293945","0","yfinance","2026-01-21","","59.43000030517578","0","yfinance","2026-01-21","","19.15999984741211","0","yfinance","2026-01-21",""
"gh21203416035-a1-20260121T090237Z-d5fa2a74","2026-01-21 18:02:38","157.8730010986328","0","yfinance","2026-01-21","","89096.578125","0","yfinance","2026-01-21","","4857.39990234375","0","yfinance","2026-01-21","","4.295000076293945","0","yfinance","2026-01-21","","59.5099983215332","0","yfinance","2026-01-21","","19.139999389648438","0","yfinance","2026-01-21",""
"gh21205193476-a1-20260121T100034Z-c6740e36","2026-01-21 19:00:35","158.0050048828125","0","yfinance","2026-01-21","","89056.7890625","0","yfinance","2026-01-21","","4867.39990234375","0","yfinance","2026-01-21","","4.295000076293945","0","yfinance","2026-01-21","","59.83000183105469","0","yfinance","2026-01-21","","19.440000534057617","0","yfinance","2026-01-21",""
"gh21207130761-a1-20260121T110304Z-c2378b4a","2026-01-21 20:03:05","158.00999450683594","0","yfinance","2026-01-21","","89079.7265625","0","yfinance","2026-01-21","","4868.5","0","yfinance","2026-01-21","","4.295000076293945","0","yfinance","2026-01-21","","59.810001373291016","0","yfinance","2026-01-21","","19.6299991607666","0","yfinance","2026-01-21",""
"gh21208547124-a1-20260121T115248Z-cf1050a5","2026-01-21 20:52:49","157.93800354003906","0","yfinance","2026-01-21","","89048.140625","0","yfinance","2026-01-21","","4864.7998046875","0","yfinance","2026-01-21","","4.295000076293945","0","yfinance","2026-01-21","","60.380001068115234","0","yfinance","2026-01-21","","19.979999542236328","0","yfinance","2026-01-21",""
"gh21212316840-a1-20260121T135908Z-670e5f62","2026-01-21 22:59:09","157.90199279785156","0","yfinance","2026-01-21","","88774.421875","0","yfinance","2026-01-21","","4876.60009765625","0","yfinance","2026-01-21","","4.289000034332275","0","yfinance","2026-01-21","","60.459999084472656","0","yfinance","2026-01-21","","20.6200008392334","0","yfinance","2026-01-21",""
"gh21214435554-a1-20260121T150229Z-94f5cbaf","2026-01-22 00:04:20","0.0","1","yfinance","","EmptyDF","0.0","1","yfinance","","EmptyDF","0.0","1","yfinance","","EmptyDF","0.0","1","yfinance","","EmptyDF","0.0","1","yfinance","","EmptyDF","0.0","1","yfinance","","EmptyDF"
"gh21220477062-a1-20260121T180809Z-b5513ce6","2026-01-22 03:08:11","158.18099975585938","0","yfinance","2026-01-21","","87711.0234375","0","yfinance","2026-01-21","","4827.2998046875","0","yfinance","2026-01-21","","4.275000095367432","0","yfinance","2026-01-21","","60.36000061035156","0","yfinance","2026-01-21","","18.979999542236328","0","yfinance","2026-01-21",""
"gh21223411780-a1-20260121T194555Z-62b49295","2026-01-22 04:45:56","158.4980010986328","0","yfinance","2026-01-21","","89972.8359375","0","yfinance","2026-01-21","","4789.5","0","yfinance","2026-01-21","","4.258999824523926","0","yfinance","2026-01-21","","60.630001068115234","0","yfinance","2026-01-21","","17.309999465942383","0","yfinance","2026-01-21",""
"gh21225536383-a1-20260121T210114Z-a6773243","2026-01-22 06:01:15","158.38600158691406","0","yfinance","2026-01-21","","90090.5546875","0","yfinance","2026-01-21","","4827.0","0","yfinance","2026-01-21","","4.252999782562256","0","yfinance","2026-01-21","","60.68000030517578","0","yfinance","2026-01-21","","17.110000610351562","0","yfinance","2026-01-21",""
"gh21227194109-a1-20260121T215933Z-e7444b69","2026-01-22 06:59:33","158.30299377441406","0","yfinance","2026-01-21","","90120.1796875","0","yfinance","2026-01-21","","4839.7998046875","0","yfinance","2026-01-21","","4.252999782562256","0","yfinance","2026-01-21","","60.689998626708984","0","yfinance","2026-01-21","","16.899999618530273","0","yfinance","2026-01-21",""
"gh21228689085-a1-20260121T225631Z-83fbf3b2","2026-01-22 07:56:32","158.29200744628906","0","yfinance","2026-01-21","","89863.46875","0","yfinance","2026-01-21","","4836.2001953125","0","yfinance","2026-01-21","","4.252999782562256","0","yfinance","2026-01-21","","60.66999816894531","0","yfinance","2026-01-21","","16.899999618530273","0","yfinance","2026-01-21",""
"gh21230080509-a1-20260121T234949Z-ce278aee","2026-01-22 08:49:51","158.36500549316406","0","yfinance","2026-01-21","","89504.7578125","0","yfinance","2026-01-21","","4796.89990234375","0","yfinance","2026-01-21","","4.252999782562256","0","yfinance","2026-01-21","","60.459999084472656","0","yfinance","2026-01-21","","16.899999618530273","0","yfinance","2026-01-21",""
"20260122T020318Z_gha21233239062_a1","2026-01-22 11:03:19","158.39300537109375","0","yfinance","2026-01-22","","89946.3203125","0","yfinance","2026-01-22","","4801.89990234375","0","yfinance","2026-01-22","","4.252999782562256","0","yfinance","2026-01-22","","60.709999084472656","0","yfinance","2026-01-22","","16.899999618530273","0","yfinance","2026-01-22",""
"20260122T041608Z_gha21235820948_a1","2026-01-22 13:16:09","158.62100219726562","0","yfinance","2026-01-22","","89852.2265625","0","yfinance","2026-01-22","","4798.7998046875","0","yfinance","2026-01-22","","4.252999782562256","0","yfinance","2026-01-22","","60.779998779296875","0","yfinance","2026-01-22","","16.899999618530273","0","yfinance","2026-01-22",""
"20260122T054904Z_gha21237645989_a1","2026-01-22 14:49:05","158.6929931640625","0","yfinance","2026-01-22","","89918.03125","0","yfinance","2026-01-22","","4799.7001953125","0","yfinance","2026-01-22","","4.252999782562256","0","yfinance","2026-01-22","","60.790000915527344","0","yfinance","2026-01-22","","16.899999618530273","0","yfinance","2026-01-22",""
"20260122T070323Z_gha21239257088_a1","2026-01-22 16:03:24","158.81399536132812","0","yfinance","2026-01-22","","90085.953125","0","yfinance","2026-01-22","","4824.39990234375","0","yfinance","2026-01-22","","4.252999782562256","0","yfinance","2026-01-22","","60.61000061035156","0","yfinance","2026-01-22","","16.899999618530273","0","yfinance","2026-01-22",""
"20260122T075425Z_gha21240476299_a1","2026-01-22 16:54:26","158.7949981689453","0","yfinance","2026-01-22","","89816.984375","0","yfinance","2026-01-22","","4834.39990234375","0","yfinance","2026-01-22","","4.252999782562256","0","yfinance","2026-01-22","","60.43000030517578","0","yfinance","2026-01-22","","16.899999618530273","0","yfinance","2026-01-22",""
"20260122T090449Z_gha21242397790_a1","2026-01-22 18:04:49","158.73500061035156","0","yfinance","2026-01-22","","89839.84375","0","yfinance","2026-01-22","","4831.10009765625","0","yfinance","2026-01-22","","4.252999782562256","0","yfinance","2026-01-22","","60.400001525878906","0","yfinance","2026-01-22","","16.219999313354492","0","yfinance","2026-01-22",""
"20260122T100108Z_gha21244125653_a1","2026-01-22 19:01:08","158.6999969482422","0","yfinance","2026-01-22","","89947.0625","0","yfinance","2026-01-22","","4821.7001953125","0","yfinance","2026-01-22","","4.252999782562256","0","yfinance","2026-01-22","","60.11000061035156","0","yfinance","2026-01-22","","16.059999465942383","0","yfinance","2026-01-22",""
"20260122T110214Z_gha21245969403_a1","2026-01-22 20:02:15","158.6199951171875","0","yfinance","2026-01-22","","90005.0859375","0","yfinance","2026-01-22","","4832.10009765625","0","yfinance","2026-01-22","","4.252999782562256","0","yfinance","2026-01-22","","59.90999984741211","0","yfinance","2026-01-22","","16.049999237060547","0","yfinance","2026-01-22",""
"20260122T115327Z_gha21247426838_a1","2026-01-22 20:53:28","158.56700134277344","0","yfinance","2026-01-22","","89973.671875","0","yfinance","2026-01-22","","4832.39990234375","0","yfinance","2026-01-22","","4.252999782562256","0","yfinance","2026-01-22","","59.560001373291016","0","yfinance","2026-01-22","","16.09000015258789","0","yfinance","2026-01-22",""
"20260122T135845Z_gha21251220441_a1","2026-01-22 22:58:46","158.70599365234375","0","yfinance","2026-01-22","","89505.828125","0","yfinance","2026-01-22","","4815.0","0","yfinance","2026-01-22","","4.256999969482422","0","yfinance","2026-01-22","","59.630001068115234","0","yfinance","2026-01-22","","16.049999237060547","0","yfinance","2026-01-22",""
"20260122T150132Z_gha21253249784_a1","2026-01-23 00:01:33","158.63499450683594","0","yfinance","2026-01-22","","89121.171875","0","yfinance","2026-01-22","","4843.7001953125","0","yfinance","2026-01-22","","4.2669997215271","0","yfinance","2026-01-22","","59.68000030517578","0","yfinance","2026-01-22","","15.970000267028809","0","yfinance","2026-01-22",""
"20260122T160335Z_gha21255406314_a1","2026-01-23 01:03:37","158.36599731445312","0","yfinance","2026-01-22","","88997.5546875","0","yfinance","2026-01-22","","4875.5","0","yfinance","2026-01-22","","4.270999908447266","0","yfinance","2026-01-22","","59.75","0","yfinance","2026-01-22","","15.720000267028809","0","yfinance","2026-01-22",""
"20260122T175117Z_gha21258945982_a1","2026-01-23 02:51:18","158.29400634765625","0","yfinance","2026-01-22","","89363.4375","0","yfinance","2026-01-22","","4897.2001953125","0","yfinance","2026-01-22","","4.256999969482422","0","yfinance","2026-01-22","","59.209999084472656","0","yfinance","2026-01-22","","15.40999984741211","0","yfinance","2026-01-22",""
"20260122T190314Z_gha21261223811_a1","2026-01-23 04:03:14","158.30999755859375","0","yfinance","2026-01-22","","89227.1953125","0","yfinance","2026-01-22","","4920.0","0","yfinance","2026-01-22","","4.252999782562256","0","yfinance","2026-01-22","","59.2400016784668","0","yfinance","2026-01-22","","15.460000038146973","0","yfinance","2026-01-22",""
"20260122T195150Z_gha21262726647_a1","2026-01-23 04:51:51","158.4510040283203","0","yfinance","2026-01-22","","89571.4921875","0","yfinance","2026-01-22","","4919.39990234375","0","yfinance","2026-01-22","","4.250999927520752","0","yfinance","2026-01-22","","59.33000183105469","0","yfinance","2026-01-22","","15.399999618530273","0","yfinance","2026-01-22",""
"20260122T205403Z_gha21264520371_a1","2026-01-23 05:54:04","158.41299438476562","0","yfinance","2026-01-22","","89392.4765625","0","yfinance","2026-01-22","","4926.10009765625","0","yfinance","2026-01-22","","4.249000072479248","0","yfinance","2026-01-22","","59.36000061035156","0","yfinance","2026-01-22","","15.819999694824219","0","yfinance","2026-01-22",""
"20260122T214712Z_gha21266052281_a1","2026-01-23 06:47:14","158.4149932861328","0","yfinance","2026-01-22","","89317.9453125","0","yfinance","2026-01-22","","4937.0","0","yfinance","2026-01-22","","4.249000072479248","0","yfinance","2026-01-22","","59.560001373291016","0","yfinance","2026-01-22","","15.640000343322754","0","yfinance","2026-01-22",""
"20260122T225030Z_gha21267700925_a1","2026-01-23 07:50:31","158.4029998779297","0","yfinance","2026-01-22","","89180.6640625","0","yfinance","2026-01-22","","4938.39990234375","0","yfinance","2026-01-22","","4.249000072479248","0","yfinance","2026-01-22","","59.66999816894531","0","yfinance","2026-01-22","","15.640000343322754","0","yfinance","2026-01-22",""
"20260122T233950Z_gha21268881667_a1","2026-01-23 08:39:51","158.41200256347656","0","yfinance","2026-01-22","","89456.0546875","0","yfinance","2026-01-22","","4943.10009765625","0","yfinance","2026-01-22","","4.249000072479248","0","yfinance","2026-01-22","","59.59000015258789","0","yfinance","2026-01-22","","15.640000343322754","0","yfinance","2026-01-22",""
"20260123T011612Z_gha21270977753_a1","2026-01-23 10:16:13","158.5","0","yfinance","2026-01-23","","89512.328125","0","yfinance","2026-01-23","","4942.5","0","yfinance","2026-01-23","","4.249000072479248","0","yfinance","2026-01-23","","59.689998626708984","0","yfinance","2026-01-23","","15.640000343322754","0","yfinance","2026-01-23",""
"20260123_035301Z_132154","2026-01-23 12:53:02","158.5970001220703","0","yfinance","2026-01-23","","89795.3359375","0","yfinance","2026-01-23","","4949.2001953125","0","yfinance","2026-01-23","","4.249000072479248","0","yfinance","2026-01-23","","59.88999938964844","0","yfinance","2026-01-23","","15.640000343322754","0","yfinance","2026-01-23",""
"20260123_035627Z_718382","2026-01-23 12:56:28","158.60499572753906","0","yfinance","2026-01-23","","89809.9609375","0","yfinance","2026-01-23","","4952.0","0","yfinance","2026-01-23","","4.249000072479248","0","yfinance","2026-01-23","","59.900001525878906","0","yfinance","2026-01-23","","15.640000343322754","0","yfinance","2026-01-23",""
"20260123_035714Z_667517","2026-01-23 12:57:15","158.5970001220703","0","yfinance","2026-01-23","","89809.7578125","0","yfinance","2026-01-23","","4952.10009765625","0","yfinance","2026-01-23","","4.249000072479248","0","yfinance","2026-01-23","","59.900001525878906","0","yfinance","2026-01-23","","15.640000343322754","0","yfinance","2026-01-23",""
"20260123_035911Z_350209","2026-01-23 12:59:12","158.5989990234375","0","yfinance","2026-01-23","","89786.09375","0","yfinance","2026-01-23","","4954.0","0","yfinance","2026-01-23","","4.249000072479248","0","yfinance","2026-01-23","","59.90999984741211","0","yfinance","2026-01-23","","15.640000343322754","0","yfinance","2026-01-23",""
"20260123_040015Z_753350","2026-01-23 13:00:15","158.61399841308594","0","yfinance","2026-01-23","","89803.15625","0","yfinance","2026-01-23","","4955.2001953125","0","yfinance","2026-01-23","","4.249000072479248","0","yfinance","2026-01-23","","59.93000030517578","0","yfinance","2026-01-23","","15.640000343322754","0","yfinance","2026-01-23",""
"20260123_040144Z_343876","2026-01-23 13:01:46","158.61599731445312","0","yfinance","2026-01-23","","89806.8046875","0","yfinance","2026-01-23","","4953.10009765625","0","yfinance","2026-01-23","","4.249000072479248","0","yfinance","2026-01-23","","59.900001525878906","0","yfinance","2026-01-23","","15.640000343322754","0","yfinance","2026-01-23",""
"20260123_040401Z_692107","2026-01-23 13:04:03","158.61099243164062","0","yfinance","2026-01-23","","89804.046875","0","yfinance","2026-01-23","","4953.2001953125","0","yfinance","2026-01-23","","4.249000072479248","0","yfinance","2026-01-23","","59.86000061035156","0","yfinance","2026-01-23","","15.640000343322754","0","yfinance","2026-01-23",""
"20260123_040620Z_983281","2026-01-23 13:06:21","158.6020050048828","0","yfinance","2026-01-23","","89791.9921875","0","yfinance","2026-01-23","","4954.10009765625","0","yfinance","2026-01-23","","4.249000072479248","0","yfinance","2026-01-23","","59.869998931884766","0","yfinance","2026-01-23","","15.640000343322754","0","yfinance","2026-01-23",""
"20260123_050501Z_355068","2026-01-23 14:05:02","158.5489959716797","0","yfinance","2026-01-23","","89850.6640625","0","yfinance","2026-01-23","","4959.2001953125","0","yfinance","2026-01-23","","4.249000072479248","0","yfinance","2026-01-23","","59.88999938964844","0","yfinance","2026-01-23","","15.640000343322754","0","yfinance","2026-01-23",""
"20260123_055634Z_875780","2026-01-23 14:56:34","158.6300048828125","0","yfinance","2026-01-23","","89436.6171875","0","yfinance","2026-01-23","","4963.89990234375","0","yfinance","2026-01-23","","4.249000072479248","0","yfinance","2026-01-23","","59.79999923706055","0","yfinance","2026-01-23","","15.640000343322754","0","yfinance","2026-01-23",""
"20260123_070249Z_641188","2026-01-23 16:02:50","158.8780059814453","0","yfinance","2026-01-23","","89420.5546875","0","yfinance","2026-01-23","","4954.89990234375","0","yfinance","2026-01-23","","4.249000072479248","0","yfinance","2026-01-23","","59.959999084472656","0","yfinance","2026-01-23","","15.640000343322754","0","yfinance","2026-01-23",""
"20260123_075128Z_692283","2026-01-23 16:51:29","158.1820068359375","0","yfinance","2026-01-23","","89409.7890625","0","yfinance","2026-01-23","","4953.2001953125","0","yfinance","2026-01-23","","4.249000072479248","0","yfinance","2026-01-23","","59.63999938964844","0","yfinance","2026-01-23","","15.640000343322754","0","yfinance","2026-01-23",""
"20260123_085958Z_503080","2026-01-23 17:59:59","158.12899780273438","0","yfinance","2026-01-23","","89130.4609375","0","yfinance","2026-01-23","","4917.5","0","yfinance","2026-01-23","","4.249000072479248","0","yfinance","2026-01-23","","60.0099983215332","0","yfinance","2026-01-23","","15.800000190734863","0","yfinance","2026-01-23",""
"20260123_095435Z_496486","2026-01-23 18:54:36","158.02499389648438","0","yfinance","2026-01-23","","88835.9375","0","yfinance","2026-01-23","","4919.2001953125","0","yfinance","2026-01-23","","4.249000072479248","0","yfinance","2026-01-23","","59.90999984741211","0","yfinance","2026-01-23","","16.0","0","yfinance","2026-01-23",""
"20260123_105457Z_742464","2026-01-23 19:54:58","158.18499755859375","0","yfinance","2026-01-23","","88933.28125","0","yfinance","2026-01-23","","4929.2998046875","0","yfinance","2026-01-23","","4.249000072479248","0","yfinance","2026-01-23","","60.27000045776367","0","yfinance","2026-01-23","","16.149999618530273","0","yfinance","2026-01-23",""
"20260123_113945Z_583913","2026-01-23 20:39:46","158.25399780273438","0","yfinance","2026-01-23","","89176.953125","0","yfinance","2026-01-23","","4921.2998046875","0","yfinance","2026-01-23","","4.249000072479248","0","yfinance","2026-01-23","","60.380001068115234","0","yfinance","2026-01-23","","15.850000381469727","0","yfinance","2026-01-23",""
"20260123_135536Z_405815","2026-01-23 22:55:37","158.26499938964844","0","yfinance","2026-01-23","","89221.8515625","0","yfinance","2026-01-23","","4932.39990234375","0","yfinance","2026-01-23","","4.236999988555908","0","yfinance","2026-01-23","","60.52000045776367","0","yfinance","2026-01-23","","15.90999984741211","0","yfinance","2026-01-23",""
"20260123_145623Z_764599","2026-01-23 23:56:24","158.26499938964844","0","yfinance","2026-01-23","","88886.359375","0","yfinance","2026-01-23","","4951.39990234375","0","yfinance","2026-01-23","","4.249000072479248","0","yfinance","2026-01-23","","61.15999984741211","0","yfinance","2026-01-23","","16.06999969482422","0","yfinance","2026-01-23",""
"20260123_155239Z_268953","2026-01-24 00:52:40","158.1540069580078","0","yfinance","2026-01-23","","89732.8203125","0","yfinance","2026-01-23","","4959.60009765625","0","yfinance","2026-01-23","","4.243000030517578","0","yfinance","2026-01-23","","60.93000030517578","0","yfinance","2026-01-23","","15.619999885559082","0","yfinance","2026-01-23",""
"20260123_170149Z_951273","2026-01-24 02:01:50","157.58599853515625","0","yfinance","2026-01-23","","90031.8203125","0","yfinance","2026-01-23","","4982.5","0","yfinance","2026-01-23","","4.250999927520752","0","yfinance","2026-01-23","","61.130001068115234","0","yfinance","2026-01-23","","15.390000343322754","0","yfinance","2026-01-23",""
"20260123_175318Z_145113","2026-01-24 02:53:20","156.4600067138672","0","yfinance","2026-01-23","","90673.5234375","0","yfinance","2026-01-23","","4986.2998046875","0","yfinance","2026-01-23","","4.250999927520752","0","yfinance","2026-01-23","","61.040000915527344","0","yfinance","2026-01-23","","15.460000038146973","0","yfinance","2026-01-23",""
"20260123_190232Z_891144","2026-01-24 04:02:33","156.06100463867188","0","yfinance","2026-01-23","","90425.8125","0","yfinance","2026-01-23","","4969.89990234375","0","yfinance","2026-01-23","","4.252999782562256","0","yfinance","2026-01-23","","61.02000045776367","0","yfinance","2026-01-23","","15.699999809265137","0","yfinance","2026-01-23",""
"20260123_194620Z_748445","2026-01-24 04:46:20","156.03199768066406","0","yfinance","2026-01-23","","89747.1640625","0","yfinance","2026-01-23","","4976.7998046875","0","yfinance","2026-01-23","","4.252999782562256","0","yfinance","2026-01-23","","61.15999984741211","0","yfinance","2026-01-23","","15.5","0","yfinance","2026-01-23",""
"20260123_204953Z_715791","2026-01-24 05:49:54","155.8509979248047","0","yfinance","2026-01-23","","89227.34375","0","yfinance","2026-01-23","","4983.0","0","yfinance","2026-01-23","","4.238999843597412","0","yfinance","2026-01-23","","61.189998626708984","0","yfinance","2026-01-23","","15.819999694824219","0","yfinance","2026-01-23",""
"20260123_213940Z_252317","2026-01-24 06:39:41","155.78900146484375","0","yfinance","2026-01-23","","89465.1484375","0","yfinance","2026-01-23","","4982.5","0","yfinance","2026-01-23","","4.238999843597412","0","yfinance","2026-01-23","","61.27000045776367","0","yfinance","2026-01-23","","16.09000015258789","0","yfinance","2026-01-23",""
"20260123_224229Z_123329","2026-01-24 07:42:30","155.718994140625","0","yfinance","2026-01-24","","89601.65625","0","yfinance","2026-01-24","","4983.10009765625","0","yfinance","2026-01-24","","4.238999843597412","0","yfinance","2026-01-24","","61.279998779296875","0","yfinance","2026-01-24","","16.09000015258789","0","yfinance","2026-01-24",""
"20260123_233933Z_561087","2026-01-24 08:39:35","155.718994140625","0","yfinance","2026-01-24","","89468.7265625","0","yfinance","2026-01-24","","4983.10009765625","0","yfinance","2026-01-24","","4.238999843597412","0","yfinance","2026-01-24","","61.279998779296875","0","yfinance","2026-01-24","","16.09000015258789","0","yfinance","2026-01-24",""
"20260124_035256Z_995549","2026-01-24 12:52:58","158.50100708007812","0","yfinance","2026-01-24","","89654.828125","0","yfinance","2026-01-24","","4983.10009765625","0","yfinance","2026-01-24","","4.238999843597412","0","yfinance","2026-01-24","","61.279998779296875","0","yfinance","2026-01-24","","16.09000015258789","0","yfinance","2026-01-24",""
"20260124_045832Z_764016","2026-01-24 13:58:33","158.50100708007812","0","yfinance","2026-01-24","","89680.8828125","0","yfinance","2026-01-24","","4983.10009765625","0","yfinance","2026-01-24","","4.238999843597412","0","yfinance","2026-01-24","","61.279998779296875","0","yfinance","2026-01-24","","16.09000015258789","0","yfinance","2026-01-24",""
"20260124_054403Z_698298","2026-01-24 14:44:04","158.50100708007812","0","yfinance","2026-01-24","","89658.9453125","0","yfinance","2026-01-24","","4976.2001953125","0","yfinance","2026-01-24","","4.238999843597412","0","yfinance","2026-01-24","","61.06999969482422","0","yfinance","2026-01-24","","16.09000015258789","0","yfinance","2026-01-24",""
"20260124_065711Z_327618","2026-01-24 15:57:12","158.50100708007812","0","yfinance","2026-01-24","","89520.0078125","0","yfinance","2026-01-24","","4976.2001953125","0","yfinance","2026-01-24","","4.238999843597412","0","yfinance","2026-01-24","","61.06999969482422","0","yfinance","2026-01-24","","16.09000015258789","0","yfinance","2026-01-24",""
"20260124_073445Z_221698","2026-01-24 16:34:46","158.50100708007812","0","yfinance","2026-01-24","","89464.765625","0","yfinance","2026-01-24","","4976.2001953125","0","yfinance","2026-01-24","","4.238999843597412","0","yfinance","2026-01-24","","61.06999969482422","0","yfinance","2026-01-24","","16.09000015258789","0","yfinance","2026-01-24",""
"20260124_085242Z_446010","2026-01-24 17:52:44","158.50100708007812","0","yfinance","2026-01-24","","89516.4453125","0","yfinance","2026-01-24","","4976.2001953125","0","yfinance","2026-01-24","","4.238999843597412","0","yfinance","2026-01-24","","61.06999969482422","0","yfinance","2026-01-24","","16.09000015258789","0","yfinance","2026-01-24",""
"20260124_093912Z_794918","2026-01-24 18:39:13","158.50100708007812","0","yfinance","2026-01-24","","89488.09375","0","yfinance","2026-01-24","","4976.2001953125","0","yfinance","2026-01-24","","4.238999843597412","0","yfinance","2026-01-24","","61.06999969482422","0","yfinance","2026-01-24","","16.09000015258789","0","yfinance","2026-01-24",""
"20260124_104418Z_802283","2026-01-24 19:44:19","158.50100708007812","0","yfinance","2026-01-24","","89465.7421875","0","yfinance","2026-01-24","","4976.2001953125","0","yfinance","2026-01-24","","4.238999843597412","0","yfinance","2026-01-24","","61.06999969482422","0","yfinance","2026-01-24","","16.09000015258789","0","yfinance","2026-01-24",""
"20260124_113118Z_763300","2026-01-24 20:31:19","158.50100708007812","0","yfinance","2026-01-24","","89509.3125","0","yfinance","2026-01-24","","4976.2001953125","0","yfinance","2026-01-24","","4.238999843597412","0","yfinance","2026-01-24","","61.06999969482422","0","yfinance","2026-01-24","","16.09000015258789","0","yfinance","2026-01-24",""
"20260124_134111Z_395962","2026-01-24 22:41:12","158.50100708007812","0","yfinance","2026-01-24","","89395.1953125","0","yfinance","2026-01-24","","4976.2001953125","0","yfinance","2026-01-24","","4.238999843597412","0","yfinance","2026-01-24","","61.06999969482422","0","yfinance","2026-01-24","","16.09000015258789","0","yfinance","2026-01-24",""
"20260124_144123Z_404695","2026-01-24 23:41:24","158.50100708007812","0","yfinance","2026-01-24","","89359.0","0","yfinance","2026-01-24","","4976.2001953125","0","yfinance","2026-01-24","","4.238999843597412","0","yfinance","2026-01-24","","61.06999969482422","0","yfinance","2026-01-24","","16.09000015258789","0","yfinance","2026-01-24",""
"20260124_153802Z_542303","2026-01-25 00:38:03","158.50100708007812","0","yfinance","2026-01-24","","89277.921875","0","yfinance","2026-01-24","","4976.2001953125","0","yfinance","2026-01-24","","4.238999843597412","0","yfinance","2026-01-24","","61.06999969482422","0","yfinance","2026-01-24","","16.09000015258789","0","yfinance","2026-01-24",""
"20260124_165025Z_202982","2026-01-25 01:50:26","158.50100708007812","0","yfinance","2026-01-24","","89055.265625","0","yfinance","2026-01-24","","4976.2001953125","0","yfinance","2026-01-24","","4.238999843597412","0","yfinance","2026-01-24","","61.06999969482422","0","yfinance","2026-01-24","","16.09000015258789","0","yfinance","2026-01-24",""
"20260124_173832Z_729130","2026-01-25 02:38:32","158.50100708007812","0","yfinance","2026-01-24","","89209.3359375","0","yfinance","2026-01-24","","4976.2001953125","0","yfinance","2026-01-24","","4.238999843597412","0","yfinance","2026-01-24","","61.06999969482422","0","yfinance","2026-01-24","","16.09000015258789","0","yfinance","2026-01-24",""
"20260124_185538Z_230395","2026-01-25 03:55:39","158.50100708007812","0","yfinance","2026-01-24","","89290.1484375","0","yfinance","2026-01-24","","4976.2001953125","0","yfinance","2026-01-24","","4.238999843597412","0","yfinance","2026-01-24","","61.06999969482422","0","yfinance","2026-01-24","","16.09000015258789","0","yfinance","2026-01-24",""
"20260124_192924Z_759247","2026-01-25 04:29:25","158.50100708007812","0","yfinance","2026-01-24","","89147.3203125","0","yfinance","2026-01-24","","4976.2001953125","0","yfinance","2026-01-24","","4.238999843597412","0","yfinance","2026-01-24","","61.06999969482422","0","yfinance","2026-01-24","","16.09000015258789","0","yfinance","2026-01-24",""
"20260124_194319Z_275138","2026-01-25 04:43:21","158.50100708007812","0","yfinance","2026-01-24","","89176.34375","0","yfinance","2026-01-24","","4976.2001953125","0","yfinance","2026-01-24","","4.238999843597412","0","yfinance","2026-01-24","","61.06999969482422","0","yfinance","2026-01-24","","16.09000015258789","0","yfinance","2026-01-24",""
"20260124_203940Z_297485","2026-01-25 05:39:40","158.50100708007812","0","yfinance","2026-01-24","","89252.7890625","0","yfinance","2026-01-24","","4976.2001953125","0","yfinance","2026-01-24","","4.238999843597412","0","yfinance","2026-01-24","","61.06999969482422","0","yfinance","2026-01-24","","16.09000015258789","0","yfinance","2026-01-24",""
"20260124_213303Z_944224","2026-01-25 06:33:04","158.50100708007812","0","yfinance","2026-01-24","","89188.5234375","0","yfinance","2026-01-24","","4976.2001953125","0","yfinance","2026-01-24","","4.238999843597412","0","yfinance","2026-01-24","","61.06999969482422","0","yfinance","2026-01-24","","16.09000015258789","0","yfinance","2026-01-24",""
"20260124_224127Z_784528","2026-01-25 07:41:29","158.50100708007812","0","yfinance","2026-01-24","","89240.015625","0","yfinance","2026-01-24","","4976.2001953125","0","yfinance","2026-01-24","","4.238999843597412","0","yfinance","2026-01-24","","61.06999969482422","0","yfinance","2026-01-24","","16.09000015258789","0","yfinance","2026-01-24",""
"20260124_233425Z_487750","2026-01-25 08:34:26","158.50100708007812","0","yfinance","2026-01-24","","89232.96875","0","yfinance","2026-01-24","","4976.2001953125","0","yfinance","2026-01-24","","4.238999843597412","0","yfinance","2026-01-24","","61.06999969482422","0","yfinance","2026-01-24","","16.09000015258789","0","yfinance","2026-01-24",""
"20260125_042112Z_615286","2026-01-25 13:21:14","158.50100708007812","0","yfinance","2026-01-25","","88823.7734375","0","yfinance","2026-01-25","","4976.2001953125","0","yfinance","2026-01-25","","4.238999843597412","0","yfinance","2026-01-25","","61.06999969482422","0","yfinance","2026-01-25","","16.09000015258789","0","yfinance","2026-01-25",""
"20260125_054650Z_938279","2026-01-25 14:46:51","158.50100708007812","0","yfinance","2026-01-25","","88751.4140625","0","yfinance","2026-01-25","","4979.7001953125","0","yfinance","2026-01-25","","4.238999843597412","0","yfinance","2026-01-25","","61.06999969482422","0","yfinance","2026-01-25","","16.09000015258789","0","yfinance","2026-01-25",""
"20260125_065844Z_539470","2026-01-25 15:58:45","158.50100708007812","0","yfinance","2026-01-25","","88719.375","0","yfinance","2026-01-25","","4979.7001953125","0","yfinance","2026-01-25","","4.238999843597412","0","yfinance","2026-01-25","","61.06999969482422","0","yfinance","2026-01-25","","16.09000015258789","0","yfinance","2026-01-25",""
"20260125_073853Z_634724","2026-01-25 16:38:54","158.50100708007812","0","yfinance","2026-01-25","","88615.7890625","0","yfinance","2026-01-25","","4979.7001953125","0","yfinance","2026-01-25","","4.238999843597412","0","yfinance","2026-01-25","","61.06999969482422","0","yfinance","2026-01-25","","16.09000015258789","0","yfinance","2026-01-25",""
"20260125_085304Z_693878","2026-01-25 17:53:05","158.50100708007812","0","yfinance","2026-01-25","","88148.359375","0","yfinance","2026-01-25","","4979.7001953125","0","yfinance","2026-01-25","","4.238999843597412","0","yfinance","2026-01-25","","61.06999969482422","0","yfinance","2026-01-25","","16.09000015258789","0","yfinance","2026-01-25",""
"20260125_094021Z_374884","2026-01-25 18:40:23","158.50100708007812","0","yfinance","2026-01-25","","88228.046875","0","yfinance","2026-01-25","","4979.7001953125","0","yfinance","2026-01-25","","4.238999843597412","0","yfinance","2026-01-25","","61.06999969482422","0","yfinance","2026-01-25","","16.09000015258789","0","yfinance","2026-01-25",""
"20260125_104616Z_654880","2026-01-25 19:46:17","158.50100708007812","0","yfinance","2026-01-25","","88467.890625","0","yfinance","2026-01-25","","4979.7001953125","0","yfinance","2026-01-25","","4.238999843597412","0","yfinance","2026-01-25","","61.06999969482422","0","yfinance","2026-01-25","","16.09000015258789","0","yfinance","2026-01-25",""
"20260125_113132Z_541087","2026-01-25 20:31:34","158.50100708007812","0","yfinance","2026-01-25","","88511.90625","0","yfinance","2026-01-25","","4979.7001953125","0","yfinance","2026-01-25","","4.238999843597412","0","yfinance","2026-01-25","","61.06999969482422","0","yfinance","2026-01-25","","16.09000015258789","0","yfinance","2026-01-25",""
"20260125_134436Z_793071","2026-01-25 22:44:36","158.50100708007812","0","yfinance","2026-01-25","","88703.140625","0","yfinance","2026-01-25","","4979.7001953125","0","yfinance","2026-01-25","","4.238999843597412","0","yfinance","2026-01-25","","61.06999969482422","0","yfinance","2026-01-25","","16.09000015258789","0","yfinance","2026-01-25",""
"20260125_144114Z_801965","2026-01-25 23:41:15","158.50100708007812","0","yfinance","2026-01-25","","88578.03125","0","yfinance","2026-01-25","","4979.7001953125","0","yfinance","2026-01-25","","4.238999843597412","0","yfinance","2026-01-25","","61.06999969482422","0","yfinance","2026-01-25","","16.09000015258789","0","yfinance","2026-01-25",""
"20260125_153905Z_588609","2026-01-26 00:39:05","158.50100708007812","0","yfinance","2026-01-25","","88574.1484375","0","yfinance","2026-01-25","","4979.7001953125","0","yfinance","2026-01-25","","4.238999843597412","0","yfinance","2026-01-25","","61.06999969482422","0","yfinance","2026-01-25","","16.09000015258789","0","yfinance","2026-01-25",""
"20260125_165213Z_960046","2026-01-26 01:52:14","158.50100708007812","0","yfinance","2026-01-25","","87784.296875","0","yfinance","2026-01-25","","4979.7001953125","0","yfinance","2026-01-25","","4.238999843597412","0","yfinance","2026-01-25","","61.06999969482422","0","yfinance","2026-01-25","","16.09000015258789","0","yfinance","2026-01-25",""
"20260125_173905Z_753863","2026-01-26 02:39:06","158.50100708007812","0","yfinance","2026-01-25","","87792.1015625","0","yfinance","2026-01-25","","4979.7001953125","0","yfinance","2026-01-25","","4.238999843597412","0","yfinance","2026-01-25","","61.06999969482422","0","yfinance","2026-01-25","","16.09000015258789","0","yfinance","2026-01-25",""
"20260125_185506Z_918439","2026-01-26 03:55:08","154.88800048828125","0","yfinance","2026-01-25","","87160.6796875","0","yfinance","2026-01-25","","4979.7001953125","0","yfinance","2026-01-25","","4.238999843597412","0","yfinance","2026-01-25","","61.06999969482422","0","yfinance","2026-01-25","","16.09000015258789","0","yfinance","2026-01-25",""
"20260125_193026Z_200278","2026-01-26 04:30:27","155.0330047607422","0","yfinance","2026-01-25","","86526.0234375","0","yfinance","2026-01-25","","4979.7001953125","0","yfinance","2026-01-25","","4.238999843597412","0","yfinance","2026-01-25","","61.06999969482422","0","yfinance","2026-01-25","","16.09000015258789","0","yfinance","2026-01-25",""
"20260125_204418Z_161008","2026-01-26 05:44:19","154.46600341796875","0","yfinance","2026-01-25","","86193.6875","0","yfinance","2026-01-25","","4979.7001953125","0","yfinance","2026-01-25","","4.238999843597412","0","yfinance","2026-01-25","","61.06999969482422","0","yfinance","2026-01-25","","16.09000015258789","0","yfinance","2026-01-25",""
"20260125_213429Z_664116","2026-01-26 06:34:30","154.6529998779297","0","yfinance","2026-01-25","","86752.7890625","0","yfinance","2026-01-25","","4979.7001953125","0","yfinance","2026-01-25","","4.238999843597412","0","yfinance","2026-01-25","","61.06999969482422","0","yfinance","2026-01-25","","16.09000015258789","0","yfinance","2026-01-25",""
"20260125_224344Z_164038","2026-01-26 07:43:45","154.43499755859375","0","yfinance","2026-01-25","","86327.6640625","0","yfinance","2026-01-25","","4979.7001953125","0","yfinance","2026-01-25","","4.238999843597412","0","yfinance","2026-01-25","","61.06999969482422","0","yfinance","2026-01-25","","16.09000015258789","0","yfinance","2026-01-25",""
"20260125_233816Z_475103","2026-01-26 08:38:17","154.99099731445312","0","yfinance","2026-01-25","","86409.1484375","0","yfinance","2026-01-25","","5019.0","0","yfinance","2026-01-25","","4.238999843597412","0","yfinance","2026-01-25","","60.900001525878906","0","yfinance","2026-01-25","","16.09000015258789","0","yfinance","2026-01-25",""
"20260126_043543Z_900311","2026-01-26 13:35:44","153.98399353027344","0","yfinance","2026-01-26","","87800.7734375","0","yfinance","2026-01-26","","5070.5","0","yfinance","2026-01-26","","4.238999843597412","0","yfinance","2026-01-26","","61.189998626708984","0","yfinance","2026-01-26","","16.09000015258789","0","yfinance","2026-01-26",""
"20260126_055801Z_587770","2026-01-26 14:58:02","154.03199768066406","0","yfinance","2026-01-26","","87792.390625","0","yfinance","2026-01-26","","5065.60009765625","0","yfinance","2026-01-26","","4.238999843597412","0","yfinance","2026-01-26","","61.099998474121094","0","yfinance","2026-01-26","","16.09000015258789","0","yfinance","2026-01-26",""
"20260126_070538Z_180196","2026-01-26 16:05:39","154.21800231933594","0","yfinance","2026-01-26","","87776.421875","0","yfinance","2026-01-26","","5092.7001953125","0","yfinance","2026-01-26","","4.238999843597412","0","yfinance","2026-01-26","","61.59000015258789","0","yfinance","2026-01-26","","16.09000015258789","0","yfinance","2026-01-26",""
"20260126_075423Z_255456","2026-01-26 16:54:24","154.13099670410156","0","yfinance","2026-01-26","","87802.171875","0","yfinance","2026-01-26","","5083.10009765625","0","yfinance","2026-01-26","","4.238999843597412","0","yfinance","2026-01-26","","61.18000030517578","0","yfinance","2026-01-26","","16.09000015258789","0","yfinance","2026-01-26",""
"20260126_090334Z_832474","2026-01-26 18:03:37","153.9149932861328","0","yfinance","2026-01-26","","87879.421875","0","yfinance","2026-01-26","","5078.7001953125","0","yfinance","2026-01-26","","4.238999843597412","0","yfinance","2026-01-26","","61.02000045776367","0","yfinance","2026-01-26","","16.739999771118164","0","yfinance","2026-01-26",""
"20260126_100125Z_558877","2026-01-26 19:01:26","153.68299865722656","0","yfinance","2026-01-26","","87551.1015625","0","yfinance","2026-01-26","","5078.2001953125","0","yfinance","2026-01-26","","4.238999843597412","0","yfinance","2026-01-26","","60.93000030517578","0","yfinance","2026-01-26","","17.139999389648438","0","yfinance","2026-01-26",""
"20260126_110056Z_115561","2026-01-26 20:00:57","153.56100463867188","0","yfinance","2026-01-26","","87819.5625","0","yfinance","2026-01-26","","5091.0","0","yfinance","2026-01-26","","4.238999843597412","0","yfinance","2026-01-26","","61.15999984741211","0","yfinance","2026-01-26","","16.989999771118164","0","yfinance","2026-01-26",""
"20260126_114948Z_175649","2026-01-26 20:49:50","153.7310028076172","0","yfinance","2026-01-26","","87738.0390625","0","yfinance","2026-01-26","","5089.89990234375","0","yfinance","2026-01-26","","4.238999843597412","0","yfinance","2026-01-26","","61.400001525878906","0","yfinance","2026-01-26","","17.020000457763672","0","yfinance","2026-01-26",""
"20260126_135709Z_775638","2026-01-26 22:57:10","154.05799865722656","0","yfinance","2026-01-26","","87880.6328125","0","yfinance","2026-01-26","","5066.7998046875","0","yfinance","2026-01-26","","4.2230000495910645","0","yfinance","2026-01-26","","60.7599983215332","0","yfinance","2026-01-26","","16.760000228881836","0","yfinance","2026-01-26",""
"20260126_150003Z_498939","2026-01-27 00:00:04","153.74099731445312","0","yfinance","2026-01-26","","87903.78125","0","yfinance","2026-01-26","","5086.60009765625","0","yfinance","2026-01-26","","4.215000152587891","0","yfinance","2026-01-26","","60.709999084472656","0","yfinance","2026-01-26","","16.079999923706055","0","yfinance","2026-01-26",""
"20260126_155651Z_959017","2026-01-27 00:56:52","153.73399353027344","0","yfinance","2026-01-26","","87481.296875","0","yfinance","2026-01-26","","5081.89990234375","0","yfinance","2026-01-26","","4.204999923706055","0","yfinance","2026-01-26","","60.529998779296875","0","yfinance","2026-01-26","","16.09000015258789","0","yfinance","2026-01-26",""
"20260126_170549Z_547041","2026-01-27 02:05:50","153.89100646972656","0","yfinance","2026-01-26","","87661.953125","0","yfinance","2026-01-26","","5085.10009765625","0","yfinance","2026-01-26","","4.213000297546387","0","yfinance","2026-01-26","","60.79999923706055","0","yfinance","2026-01-26","","16.020000457763672","0","yfinance","2026-01-26",""
"20260126_175753Z_829737","2026-01-27 02:57:54","153.98399353027344","0","yfinance","2026-01-26","","87600.4140625","0","yfinance","2026-01-26","","5099.7001953125","0","yfinance","2026-01-26","","4.209000110626221","0","yfinance","2026-01-26","","60.93000030517578","0","yfinance","2026-01-26","","15.930000305175781","0","yfinance","2026-01-26",""
"20260126_190515Z_622482","2026-01-27 04:05:16","154.21200561523438","0","yfinance","2026-01-26","","88410.9609375","0","yfinance","2026-01-26","","5076.2001953125","0","yfinance","2026-01-26","","4.213000297546387","0","yfinance","2026-01-26","","60.68000030517578","0","yfinance","2026-01-26","","15.970000267028809","0","yfinance","2026-01-26",""
"20260126_194726Z_792889","2026-01-27 04:47:27","154.15499877929688","0","yfinance","2026-01-26","","88183.390625","0","yfinance","2026-01-26","","5032.10009765625","0","yfinance","2026-01-26","","4.210999965667725","0","yfinance","2026-01-26","","60.540000915527344","0","yfinance","2026-01-26","","15.890000343322754","0","yfinance","2026-01-26",""
"20260126_205421Z_319121","2026-01-27 05:54:22","154.09500122070312","0","yfinance","2026-01-26","","87594.609375","0","yfinance","2026-01-26","","5044.60009765625","0","yfinance","2026-01-26","","4.213000297546387","0","yfinance","2026-01-26","","60.77000045776367","0","yfinance","2026-01-26","","15.949999809265137","0","yfinance","2026-01-26",""
"20260126_214858Z_944774","2026-01-27 06:48:59","154.2480010986328","0","yfinance","2026-01-26","","88003.953125","0","yfinance","2026-01-26","","4993.7001953125","0","yfinance","2026-01-26","","4.213000297546387","0","yfinance","2026-01-26","","60.650001525878906","0","yfinance","2026-01-26","","16.149999618530273","0","yfinance","2026-01-26",""
"20260126_225048Z_535598","2026-01-27 07:50:49","154.1510009765625","0","yfinance","2026-01-26","","88126.8984375","0","yfinance","2026-01-26","","5004.7998046875","0","yfinance","2026-01-26","","4.213000297546387","0","yfinance","2026-01-26","","60.83000183105469","0","yfinance","2026-01-26","","16.149999618530273","0","yfinance","2026-01-26",""
"20260126_234459Z_417958","2026-01-27 08:45:00","154.1999969482422","0","yfinance","2026-01-26","","88486.109375","0","yfinance","2026-01-26","","5037.7001953125","0","yfinance","2026-01-26","","4.213000297546387","0","yfinance","2026-01-26","","60.849998474121094","0","yfinance","2026-01-26","","16.149999618530273","0","yfinance","2026-01-26",""
"20260126_235855Z_258793","2026-01-27 08:58:56","154.37100219726562","0","yfinance","2026-01-26","","88305.828125","0","yfinance","2026-01-26","","5053.10009765625","0","yfinance","2026-01-26","","4.213000297546387","0","yfinance","2026-01-26","","60.81999969482422","0","yfinance","2026-01-26","","16.149999618530273","0","yfinance","2026-01-26",""
"20260127_041419Z_390345","2026-01-27 13:14:20","154.4739990234375","0","yfinance","2026-01-27","","88788.5703125","0","yfinance","2026-01-27","","5072.10009765625","0","yfinance","2026-01-27","","4.2129998207092285","0","yfinance","2026-01-27","","60.279998779296875","0","yfinance","2026-01-27","","16.149999618530273","0","yfinance","2026-01-27",""
"20260127_054618Z_159375","2026-01-27 14:46:18","154.48500061035156","0","yfinance","2026-01-27","","88430.0078125","0","yfinance","2026-01-27","","5064.7998046875","0","yfinance","2026-01-27","","4.2129998207092285","0","yfinance","2026-01-27","","60.33000183105469","0","yfinance","2026-01-27","","16.149999618530273","0","yfinance","2026-01-27",""
"20260127_070421Z_430096","2026-01-27 16:04:22","154.50399780273438","0","yfinance","2026-01-27","","88241.296875","0","yfinance","2026-01-27","","5085.2998046875","0","yfinance","2026-01-27","","4.2129998207092285","0","yfinance","2026-01-27","","60.5099983215332","0","yfinance","2026-01-27","","16.149999618530273","0","yfinance","2026-01-27",""
"20260127_075305Z_256522","2026-01-27 16:53:06","154.69700622558594","0","yfinance","2026-01-27","","88284.0","0","yfinance","2026-01-27","","5095.39990234375","0","yfinance","2026-01-27","","4.2129998207092285","0","yfinance","2026-01-27","","60.34000015258789","0","yfinance","2026-01-27","","16.149999618530273","0","yfinance","2026-01-27",""
"20260127_090411Z_376196","2026-01-27 18:04:12","154.6959991455078","0","yfinance","2026-01-27","","88025.1875","0","yfinance","2026-01-27","","5076.2001953125","0","yfinance","2026-01-27","","4.2129998207092285","0","yfinance","2026-01-27","","60.380001068115234","0","yfinance","2026-01-27","","16.020000457763672","0","yfinance","2026-01-27",""
"20260127_100006Z_866758","2026-01-27 19:00:07","153.73800659179688","0","yfinance","2026-01-27","","87771.109375","0","yfinance","2026-01-27","","5084.89990234375","0","yfinance","2026-01-27","","4.2129998207092285","0","yfinance","2026-01-27","","60.5099983215332","0","yfinance","2026-01-27","","16.020000457763672","0","yfinance","2026-01-27",""
"20260127_110012Z_431683","2026-01-27 20:00:13","153.7259979248047","0","yfinance","2026-01-27","","87658.8359375","0","yfinance","2026-01-27","","5081.2998046875","0","yfinance","2026-01-27","","4.2129998207092285","0","yfinance","2026-01-27","","60.93000030517578","0","yfinance","2026-01-27","","15.989999771118164","0","yfinance","2026-01-27",""
"20260127_114806Z_134249","2026-01-27 20:48:07","153.71400451660156","0","yfinance","2026-01-27","","87936.765625","0","yfinance","2026-01-27","","5082.0","0","yfinance","2026-01-27","","4.2129998207092285","0","yfinance","2026-01-27","","60.689998626708984","0","yfinance","2026-01-27","","16.06999969482422","0","yfinance","2026-01-27",""
"20260127_140103Z_557676","2026-01-27 23:01:04","153.23199462890625","0","yfinance","2026-01-27","","87849.8515625","0","yfinance","2026-01-27","","5069.7998046875","0","yfinance","2026-01-27","","4.2330002784729","0","yfinance","2026-01-27","","61.529998779296875","0","yfinance","2026-01-27","","16.059999465942383","0","yfinance","2026-01-27",""
"20260127_154626Z_930764","2026-01-28 00:46:27","153.25799560546875","0","yfinance","2026-01-27","","87560.3515625","0","yfinance","2026-01-27","","5076.60009765625","0","yfinance","2026-01-27","","4.215000152587891","0","yfinance","2026-01-27","","61.349998474121094","0","yfinance","2026-01-27","","15.989999771118164","0","yfinance","2026-01-27",""
"20260127_170314Z_794538","2026-01-28 02:03:16","153.05999755859375","0","yfinance","2026-01-27","","88474.921875","0","yfinance","2026-01-27","","5085.2001953125","0","yfinance","2026-01-27","","4.220999717712402","0","yfinance","2026-01-27","","61.95000076293945","0","yfinance","2026-01-27","","15.819999694824219","0","yfinance","2026-01-27",""
"20260127_175833Z_443758","2026-01-28 02:58:34","152.76800537109375","0","yfinance","2026-01-27","","87399.2109375","0","yfinance","2026-01-27","","5083.2998046875","0","yfinance","2026-01-27","","4.220999717712402","0","yfinance","2026-01-27","","61.9900016784668","0","yfinance","2026-01-27","","16.1200008392334","0","yfinance","2026-01-27",""
"20260127_191813Z_416761","2026-01-28 04:18:14","152.781005859375","0","yfinance","2026-01-27","","88117.65625","0","yfinance","2026-01-27","","5081.39990234375","0","yfinance","2026-01-27","","4.229000091552734","0","yfinance","2026-01-27","","62.040000915527344","0","yfinance","2026-01-27","","16.079999923706055","0","yfinance","2026-01-27",""
"20260127_195644Z_279220","2026-01-28 04:56:46","152.718994140625","0","yfinance","2026-01-27","","88301.5078125","0","yfinance","2026-01-27","","5091.0","0","yfinance","2026-01-27","","4.229000091552734","0","yfinance","2026-01-27","","62.41999816894531","0","yfinance","2026-01-27","","16.059999465942383","0","yfinance","2026-01-27",""
"20260127_205019Z_879411","2026-01-28 05:50:21","152.31900024414062","0","yfinance","2026-01-27","","89175.84375","0","yfinance","2026-01-27","","5142.2001953125","0","yfinance","2026-01-27","","4.2230000495910645","0","yfinance","2026-01-27","","62.25","0","yfinance","2026-01-27","","16.139999389648438","0","yfinance","2026-01-27",""
"20260127_213920Z_289446","2026-01-28 06:39:22","152.32400512695312","0","yfinance","2026-01-27","","89054.09375","0","yfinance","2026-01-27","","5176.2001953125","0","yfinance","2026-01-27","","4.2230000495910645","0","yfinance","2026-01-27","","62.439998626708984","0","yfinance","2026-01-27","","16.350000381469727","0","yfinance","2026-01-27",""
"20260127_215441Z_553165","2026-01-28 06:54:43","152.21299743652344","0","yfinance","2026-01-27","","89041.671875","0","yfinance","2026-01-27","","5185.7001953125","0","yfinance","2026-01-27","","4.2230000495910645","0","yfinance","2026-01-27","","62.470001220703125","0","yfinance","2026-01-27","","16.350000381469727","0","yfinance","2026-01-27",""
"20260127_224843Z_694796","2026-01-28 07:48:44","152.29600524902344","0","yfinance","2026-01-27","","89235.0078125","0","yfinance","2026-01-27","","5179.60009765625","0","yfinance","2026-01-27","","4.2230000495910645","0","yfinance","2026-01-27","","62.56999969482422","0","yfinance","2026-01-27","","16.350000381469727","0","yfinance","2026-01-27",""
"20260127_234247Z_326869","2026-01-28 08:42:48","152.44400024414062","0","yfinance","2026-01-27","","89350.1796875","0","yfinance","2026-01-27","","5164.2001953125","0","yfinance","2026-01-27","","4.2230000495910645","0","yfinance","2026-01-27","","62.5","0","yfinance","2026-01-27","","16.350000381469727","0","yfinance","2026-01-27",""
"20260127_235711Z_505155","2026-01-28 08:57:12","152.48300170898438","0","yfinance","2026-01-27","","89187.15625","0","yfinance","2026-01-27","","5166.0","0","yfinance","2026-01-27","","4.2230000495910645","0","yfinance","2026-01-27","","62.47999954223633","0","yfinance","2026-01-27","","16.350000381469727","0","yfinance","2026-01-27",""
"20260128_041156Z_623189","2026-01-28 13:11:57","152.78700256347656","0","yfinance","2026-01-28","","88925.9453125","0","yfinance","2026-01-28","","5231.5","0","yfinance","2026-01-28","","4.2230000495910645","0","yfinance","2026-01-28","","62.720001220703125","0","yfinance","2026-01-28","","16.350000381469727","0","yfinance","2026-01-28",""
"20260128_054726Z_455435","2026-01-28 14:47:27","152.66299438476562","0","yfinance","2026-01-28","","88893.078125","0","yfinance","2026-01-28","","5252.39990234375","0","yfinance","2026-01-28","","4.2230000495910645","0","yfinance","2026-01-28","","62.849998474121094","0","yfinance","2026-01-28","","16.350000381469727","0","yfinance","2026-01-28",""
"20260128_070355Z_709105","2026-01-28 16:03:56","152.58700561523438","0","yfinance","2026-01-28","","89218.328125","0","yfinance","2026-01-28","","5260.2998046875","0","yfinance","2026-01-28","","4.2230000495910645","0","yfinance","2026-01-28","","62.84000015258789","0","yfinance","2026-01-28","","16.350000381469727","0","yfinance","2026-01-28",""
"20260128_075206Z_602807","2026-01-28 16:52:07","152.68800354003906","0","yfinance","2026-01-28","","89111.828125","0","yfinance","2026-01-28","","5273.2001953125","0","yfinance","2026-01-28","","4.2230000495910645","0","yfinance","2026-01-28","","62.52000045776367","0","yfinance","2026-01-28","","16.350000381469727","0","yfinance","2026-01-28",""
"20260128_090430Z_134828","2026-01-28 18:04:31","152.65699768066406","0","yfinance","2026-01-28","","88810.609375","0","yfinance","2026-01-28","","5328.0","0","yfinance","2026-01-28","","4.2230000495910645","0","yfinance","2026-01-28","","62.7599983215332","0","yfinance","2026-01-28","","16.170000076293945","0","yfinance","2026-01-28",""
"20260128_100101Z_197235","2026-01-28 19:01:01","152.6739959716797","0","yfinance","2026-01-28","","89298.484375","0","yfinance","2026-01-28","","5309.0","0","yfinance","2026-01-28","","4.2230000495910645","0","yfinance","2026-01-28","","62.209999084472656","0","yfinance","2026-01-28","","16.25","0","yfinance","2026-01-28",""
"20260128_110124Z_346453","2026-01-28 20:01:24","152.58299255371094","0","yfinance","2026-01-28","","89307.328125","0","yfinance","2026-01-28","","5308.39990234375","0","yfinance","2026-01-28","","4.2230000495910645","0","yfinance","2026-01-28","","62.220001220703125","0","yfinance","2026-01-28","","16.200000762939453","0","yfinance","2026-01-28",""
"20260128_114843Z_617463","2026-01-28 20:48:44","152.5989990234375","0","yfinance","2026-01-28","","89610.4296875","0","yfinance","2026-01-28","","5288.2001953125","0","yfinance","2026-01-28","","4.2230000495910645","0","yfinance","2026-01-28","","62.369998931884766","0","yfinance","2026-01-28","","16.219999313354492","0","yfinance","2026-01-28",""
"20260128_140017Z_234925","2026-01-28 23:00:18","152.86099243164062","0","yfinance","2026-01-28","","90104.1328125","0","yfinance","2026-01-28","","5299.39990234375","0","yfinance","2026-01-28","","4.247000217437744","0","yfinance","2026-01-28","","63.220001220703125","0","yfinance","2026-01-28","","16.510000228881836","0","yfinance","2026-01-28",""
"20260128_150616Z_101705","2026-01-29 00:06:17","152.85299682617188","0","yfinance","2026-01-28","","89701.8671875","0","yfinance","2026-01-28","","5309.10009765625","0","yfinance","2026-01-28","","4.255000114440918","0","yfinance","2026-01-28","","63.15999984741211","0","yfinance","2026-01-28","","16.579999923706055","0","yfinance","2026-01-28",""
"20260128_170737Z_551699","2026-01-29 02:07:38","153.6230010986328","0","yfinance","2026-01-28","","89582.90625","0","yfinance","2026-01-28","","5330.10009765625","0","yfinance","2026-01-28","","4.256999969482422","0","yfinance","2026-01-28","","62.77000045776367","0","yfinance","2026-01-28","","17.139999389648438","0","yfinance","2026-01-28",""
"20260128_180103Z_911238","2026-01-29 03:01:04","153.5399932861328","0","yfinance","2026-01-28","","90079.1875","0","yfinance","2026-01-28","","5327.7998046875","0","yfinance","2026-01-28","","4.261000156402588","0","yfinance","2026-01-28","","62.7599983215332","0","yfinance","2026-01-28","","17.049999237060547","0","yfinance","2026-01-28",""
"20260128_194446Z_491158","2026-01-29 04:44:47","153.70700073242188","0","yfinance","2026-01-28","","89048.4140625","0","yfinance","2026-01-28","","5323.2998046875","0","yfinance","2026-01-28","","4.270999908447266","0","yfinance","2026-01-28","","63.09000015258789","0","yfinance","2026-01-28","","16.530000686645508","0","yfinance","2026-01-28",""
"20260128_210108Z_627029","2026-01-29 06:01:09","153.3719940185547","0","yfinance","2026-01-28","","89083.0546875","0","yfinance","2026-01-28","","5420.0","0","yfinance","2026-01-28","","4.250999927520752","0","yfinance","2026-01-28","","63.38999938964844","0","yfinance","2026-01-28","","16.459999084472656","0","yfinance","2026-01-28",""
"20260128_215845Z_226057","2026-01-29 06:58:45","153.427001953125","0","yfinance","2026-01-28","","89306.3203125","0","yfinance","2026-01-28","","5428.5","0","yfinance","2026-01-28","","4.250999927520752","0","yfinance","2026-01-28","","63.5","0","yfinance","2026-01-28","","16.350000381469727","0","yfinance","2026-01-28",""
"20260128_225906Z_892634","2026-01-29 07:59:07","153.40199279785156","0","yfinance","2026-01-28","","89255.4765625","0","yfinance","2026-01-28","","5447.7998046875","0","yfinance","2026-01-28","","4.250999927520752","0","yfinance","2026-01-28","","63.5","0","yfinance","2026-01-28","","16.350000381469727","0","yfinance","2026-01-28",""
"20260128_235236Z_555013","2026-01-29 08:52:37","153.14999389648438","0","yfinance","2026-01-28","","89180.8203125","0","yfinance","2026-01-28","","5590.2001953125","0","yfinance","2026-01-28","","4.250999927520752","0","yfinance","2026-01-28","","63.66999816894531","0","yfinance","2026-01-28","","16.350000381469727","0","yfinance","2026-01-28",""
"20260129_045501Z_632947","2026-01-29 13:55:02","152.99200439453125","0","yfinance","2026-01-29","","88123.2265625","0","yfinance","2026-01-29","","5588.60009765625","0","yfinance","2026-01-29","","4.250999927520752","0","yfinance","2026-01-29","","64.30999755859375","0","yfinance","2026-01-29","","16.350000381469727","0","yfinance","2026-01-29",""
"20260129_073019Z_514157","2026-01-29 16:30:20","153.27200317382812","0","yfinance","2026-01-29","","88187.1484375","0","yfinance","2026-01-29","","5592.60009765625","0","yfinance","2026-01-29","","4.250999927520752","0","yfinance","2026-01-29","","64.20999908447266","0","yfinance","2026-01-29","","16.350000381469727","0","yfinance","2026-01-29",""
"20260129_100120Z_703219","2026-01-29 19:01:21","153.2949981689453","0","yfinance","2026-01-29","","87768.6796875","0","yfinance","2026-01-29","","5549.7998046875","0","yfinance","2026-01-29","","4.250999927520752","0","yfinance","2026-01-29","","64.97000122070312","0","yfinance","2026-01-29","","16.110000610351562","0","yfinance","2026-01-29",""
"20260129_114734Z_913132","2026-01-29 20:47:35","153.4810028076172","0","yfinance","2026-01-29","","87703.8828125","0","yfinance","2026-01-29","","5542.5","0","yfinance","2026-01-29","","4.250999927520752","0","yfinance","2026-01-29","","64.77999877929688","0","yfinance","2026-01-29","","16.6299991607666","0","yfinance","2026-01-29",""
"20260129_141132Z_690274","2026-01-29 23:11:33","153.2570037841797","0","yfinance","2026-01-29","","87864.5078125","0","yfinance","2026-01-29","","5545.7001953125","0","yfinance","2026-01-29","","4.256999969482422","0","yfinance","2026-01-29","","65.55999755859375","0","yfinance","2026-01-29","","16.799999237060547","0","yfinance","2026-01-29",""
"20260129_160334Z_446767","2026-01-30 01:03:35","152.81100463867188","0","yfinance","2026-01-29","","84695.484375","0","yfinance","2026-01-29","","5235.39990234375","0","yfinance","2026-01-29","","4.230999946594238","0","yfinance","2026-01-29","","65.18000030517578","0","yfinance","2026-01-29","","19.100000381469727","0","yfinance","2026-01-29",""
"20260129_180232Z_126285","2026-01-30 03:02:33","152.93499755859375","0","yfinance","2026-01-29","","84115.875","0","yfinance","2026-01-29","","5363.10009765625","0","yfinance","2026-01-29","","4.230999946594238","0","yfinance","2026-01-29","","65.56999969482422","0","yfinance","2026-01-29","","17.850000381469727","0","yfinance","2026-01-29",""
"20260129_194640Z_776167","2026-01-30 04:46:41","153.09100341796875","0","yfinance","2026-01-29","","83996.2109375","0","yfinance","2026-01-29","","5332.7001953125","0","yfinance","2026-01-29","","4.224999904632568","0","yfinance","2026-01-29","","65.33999633789062","0","yfinance","2026-01-29","","17.25","0","yfinance","2026-01-29",""
"20260129_205732Z_961890","2026-01-30 05:57:33","153.09500122070312","0","yfinance","2026-01-29","","84043.15625","0","yfinance","2026-01-29","","5397.2998046875","0","yfinance","2026-01-29","","4.2270002365112305","0","yfinance","2026-01-29","","65.61000061035156","0","yfinance","2026-01-29","","17.06999969482422","0","yfinance","2026-01-29",""
"20260129_215617Z_458172","2026-01-30 06:56:18","153.10800170898438","0","yfinance","2026-01-29","","84429.9453125","0","yfinance","2026-01-29","","5423.89990234375","0","yfinance","2026-01-29","","4.2270002365112305","0","yfinance","2026-01-29","","65.41999816894531","0","yfinance","2026-01-29","","16.8799991607666","0","yfinance","2026-01-29",""
"20260129_225925Z_795319","2026-01-30 07:59:26","152.99400329589844","0","yfinance","2026-01-29","","84425.3203125","0","yfinance","2026-01-29","","5410.7998046875","0","yfinance","2026-01-29","","4.2270002365112305","0","yfinance","2026-01-29","","65.51000213623047","0","yfinance","2026-01-29","","16.8799991607666","0","yfinance","2026-01-29",""
"20260129_235310Z_143571","2026-01-30 08:53:11","153.1230010986328","0","yfinance","2026-01-29","","84574.6328125","0","yfinance","2026-01-29","","5464.7998046875","0","yfinance","2026-01-29","","4.2270002365112305","0","yfinance","2026-01-29","","65.61000061035156","0","yfinance","2026-01-29","","16.8799991607666","0","yfinance","2026-01-29",""
"20260130_045931Z_590895","2026-01-30 13:59:32","153.9029998779297","0","yfinance","2026-01-30","","82852.84375","0","yfinance","2026-01-30","","5236.7001953125","0","yfinance","2026-01-30","","4.2270002365112305","0","yfinance","2026-01-30","","64.38999938964844","0","yfinance","2026-01-30","","16.8799991607666","0","yfinance","2026-01-30",""
"20260130_073026Z_920683","2026-01-30 16:30:27","153.9029998779297","0","yfinance","2026-01-30","","82586.453125","0","yfinance","2026-01-30","","5203.10009765625","0","yfinance","2026-01-30","","4.2270002365112305","0","yfinance","2026-01-30","","64.18000030517578","0","yfinance","2026-01-30","","16.8799991607666","0","yfinance","2026-01-30",""
"20260130_095722Z_270582","2026-01-30 18:57:24","154.2259979248047","0","yfinance","2026-01-30","","82235.203125","0","yfinance","2026-01-30","","5012.60009765625","0","yfinance","2026-01-30","","4.2270002365112305","0","yfinance","2026-01-30","","64.7300033569336","0","yfinance","2026-01-30","","18.850000381469727","0","yfinance","2026-01-30",""
"20260130_114057Z_951309","2026-01-30 20:40:58","153.9980010986328","0","yfinance","2026-01-30","","82611.71875","0","yfinance","2026-01-30","","5150.60009765625","0","yfinance","2026-01-30","","4.2270002365112305","0","yfinance","2026-01-30","","64.5199966430664","0","yfinance","2026-01-30","","18.399999618530273","0","yfinance","2026-01-30",""
"20260130_140617Z_163241","2026-01-30 23:06:18","154.30999755859375","0","yfinance","2026-01-30","","82690.8828125","0","yfinance","2026-01-30","","5042.2001953125","0","yfinance","2026-01-30","","4.250999927520752","0","yfinance","2026-01-30","","65.05000305175781","0","yfinance","2026-01-30","","18.040000915527344","0","yfinance","2026-01-30",""
"20260130_155626Z_749631","2026-01-31 00:56:26","154.72999572753906","0","yfinance","2026-01-30","","83013.4609375","0","yfinance","2026-01-30","","5067.5","0","yfinance","2026-01-30","","4.249000072479248","0","yfinance","2026-01-30","","65.55000305175781","0","yfinance","2026-01-30","","17.010000228881836","0","yfinance","2026-01-30",""
"20260130_175438Z_618178","2026-01-31 02:54:39","154.72999572753906","0","yfinance","2026-01-30","","82957.1484375","0","yfinance","2026-01-30","","5067.5","0","yfinance","2026-01-30","","4.249000072479248","0","yfinance","2026-01-30","","65.55000305175781","0","yfinance","2026-01-30","","17.010000228881836","0","yfinance","2026-01-30",""
"20260130_194721Z_646453","2026-01-31 04:47:22","154.48399353027344","0","yfinance","2026-01-30","","84142.4609375","0","yfinance","2026-01-30","","4926.89990234375","0","yfinance","2026-01-30","","4.238999843597412","0","yfinance","2026-01-30","","65.41999816894531","0","yfinance","2026-01-30","","17.75","0","yfinance","2026-01-30",""
"20260130_210036Z_646215","2026-01-31 06:00:37","154.72999572753906","0","yfinance","2026-01-30","","83881.15625","0","yfinance","2026-01-30","","5067.5","0","yfinance","2026-01-30","","4.249000072479248","0","yfinance","2026-01-30","","65.55000305175781","0","yfinance","2026-01-30","","17.010000228881836","0","yfinance","2026-01-30",""
"20260130_215232Z_313094","2026-01-31 06:52:33","154.72999572753906","0","yfinance","2026-01-30","","84183.78125","0","yfinance","2026-01-30","","5067.5","0","yfinance","2026-01-30","","4.249000072479248","0","yfinance","2026-01-30","","65.55000305175781","0","yfinance","2026-01-30","","17.010000228881836","0","yfinance","2026-01-30",""
"20260130_225822Z_923863","2026-01-31 07:58:23","154.72999572753906","0","yfinance","2026-01-30","","84032.859375","0","yfinance","2026-01-30","","5067.5","0","yfinance","2026-01-30","","4.249000072479248","0","yfinance","2026-01-30","","65.55000305175781","0","yfinance","2026-01-30","","17.010000228881836","0","yfinance","2026-01-30",""
"20260130_235320Z_595630","2026-01-31 08:53:21","154.77999877929688","0","yfinance","2026-01-31","","84114.8203125","0","yfinance","2026-01-31","","4907.5","0","yfinance","2026-01-31","","4.241000175476074","0","yfinance","2026-01-31","","65.73999786376953","0","yfinance","2026-01-31","","17.440000534057617","0","yfinance","2026-01-31",""
"20260131_044948Z_504017","2026-01-31 13:49:50","154.77999877929688","0","yfinance","2026-01-31","","83916.9453125","0","yfinance","2026-01-31","","4907.5","0","yfinance","2026-01-31","","4.241000175476074","0","yfinance","2026-01-31","","65.73999786376953","0","yfinance","2026-01-31","","17.440000534057617","0","yfinance","2026-01-31",""
"20260131_060438Z_826205","2026-01-31 15:04:39","154.77999877929688","0","yfinance","2026-01-31","","83858.625","0","yfinance","2026-01-31","","4713.89990234375","0","yfinance","2026-01-31","","4.241000175476074","0","yfinance","2026-01-31","","65.20999908447266","0","yfinance","2026-01-31","","17.440000534057617","0","yfinance","2026-01-31",""
"20260131_074335Z_208990","2026-01-31 16:43:37","154.72999572753906","0","yfinance","2026-01-31","","83268.34375","0","yfinance","2026-01-31","","4713.89990234375","0","yfinance","2026-01-31","","4.241000175476074","0","yfinance","2026-01-31","","65.20999908447266","0","yfinance","2026-01-31","","17.440000534057617","0","yfinance","2026-01-31",""
"20260131_075931Z_848370","2026-01-31 16:59:32","154.72999572753906","0","yfinance","2026-01-31","","83400.03125","0","yfinance","2026-01-31","","4713.89990234375","0","yfinance","2026-01-31","","4.241000175476074","0","yfinance","2026-01-31","","65.20999908447266","0","yfinance","2026-01-31","","17.440000534057617","0","yfinance","2026-01-31",""
"20260131_090017Z_510970","2026-01-31 18:00:17","154.72999572753906","0","yfinance","2026-01-31","","82981.4140625","0","yfinance","2026-01-31","","4713.89990234375","0","yfinance","2026-01-31","","4.241000175476074","0","yfinance","2026-01-31","","65.20999908447266","0","yfinance","2026-01-31","","17.440000534057617","0","yfinance","2026-01-31",""
"20260131_095414Z_973399","2026-01-31 18:54:15","154.77999877929688","0","yfinance","2026-01-31","","83050.6015625","0","yfinance","2026-01-31","","4713.89990234375","0","yfinance","2026-01-31","","4.241000175476074","0","yfinance","2026-01-31","","65.20999908447266","0","yfinance","2026-01-31","","17.440000534057617","0","yfinance","2026-01-31",""
"20260131_105453Z_843889","2026-01-31 19:54:54","154.72999572753906","0","yfinance","2026-01-31","","82960.5234375","0","yfinance","2026-01-31","","4713.89990234375","0","yfinance","2026-01-31","","4.241000175476074","0","yfinance","2026-01-31","","65.20999908447266","0","yfinance","2026-01-31","","17.440000534057617","0","yfinance","2026-01-31",""
"20260131_114020Z_706870","2026-01-31 20:40:21","154.77999877929688","0","yfinance","2026-01-31","","82890.828125","0","yfinance","2026-01-31","","4713.89990234375","0","yfinance","2026-01-31","","4.241000175476074","0","yfinance","2026-01-31","","65.20999908447266","0","yfinance","2026-01-31","","17.440000534057617","0","yfinance","2026-01-31",""
"20260131_115609Z_108286","2026-01-31 20:56:10","154.72999572753906","0","yfinance","2026-01-31","","82720.984375","0","yfinance","2026-01-31","","4713.89990234375","0","yfinance","2026-01-31","","4.241000175476074","0","yfinance","2026-01-31","","65.20999908447266","0","yfinance","2026-01-31","","17.440000534057617","0","yfinance","2026-01-31",""
"20260131_135350Z_412412","2026-01-31 22:53:50","154.72999572753906","0","yfinance","2026-01-31","","82527.3046875","0","yfinance","2026-01-31","","4713.89990234375","0","yfinance","2026-01-31","","4.241000175476074","0","yfinance","2026-01-31","","65.20999908447266","0","yfinance","2026-01-31","","17.440000534057617","0","yfinance","2026-01-31",""
"20260131_145444Z_622157","2026-01-31 23:54:46","154.72999572753906","0","yfinance","2026-01-31","","81119.0546875","0","yfinance","2026-01-31","","4713.89990234375","0","yfinance","2026-01-31","","4.241000175476074","0","yfinance","2026-01-31","","65.20999908447266","0","yfinance","2026-01-31","","17.440000534057617","0","yfinance","2026-01-31",""
"20260131_154857Z_865585","2026-02-01 00:48:59","154.77999877929688","0","yfinance","2026-01-31","","81223.4375","0","yfinance","2026-01-31","","4713.89990234375","0","yfinance","2026-01-31","","4.241000175476074","0","yfinance","2026-01-31","","65.20999908447266","0","yfinance","2026-01-31","","17.440000534057617","0","yfinance","2026-01-31",""
"20260131_165857Z_849259","2026-02-01 01:58:58","154.72999572753906","0","yfinance","2026-01-31","","80097.8359375","0","yfinance","2026-01-31","","4713.89990234375","0","yfinance","2026-01-31","","4.241000175476074","0","yfinance","2026-01-31","","65.20999908447266","0","yfinance","2026-01-31","","17.440000534057617","0","yfinance","2026-01-31",""
"20260131_175228Z_241257","2026-02-01 02:52:29","154.72999572753906","0","yfinance","2026-01-31","","78684.453125","0","yfinance","2026-01-31","","4713.89990234375","0","yfinance","2026-01-31","","4.241000175476074","0","yfinance","2026-01-31","","65.20999908447266","0","yfinance","2026-01-31","","17.440000534057617","0","yfinance","2026-01-31",""
"20260131_190107Z_861470","2026-02-01 04:01:08","154.77999877929688","0","yfinance","2026-01-31","","77791.375","0","yfinance","2026-01-31","","4713.89990234375","0","yfinance","2026-01-31","","4.241000175476074","0","yfinance","2026-01-31","","65.20999908447266","0","yfinance","2026-01-31","","17.440000534057617","0","yfinance","2026-01-31",""
"20260131_194347Z_967391","2026-02-01 04:43:49","154.72999572753906","0","yfinance","2026-01-31","","77179.8984375","0","yfinance","2026-01-31","","4713.89990234375","0","yfinance","2026-01-31","","4.241000175476074","0","yfinance","2026-01-31","","65.20999908447266","0","yfinance","2026-01-31","","17.440000534057617","0","yfinance","2026-01-31",""
